dblp_index,acm_index
53e9a515b7602d9702e350a0,5390962020f70186a0df3f45
53e9a718b7602d970304d814,539095ba20f70186a0df0f12
53e99e6ab7602d970272e079,539087dd20f70186a0d62b4b
53e9b4d4b7602d9703ff2db2,539089ab20f70186a0d96afb
53e9a7b3b7602d97030eda57,53908b4920f70186a0dbc91c
53e9a515b7602d9702e363b7,53908b4920f70186a0dbc91a
53e9bd1eb7602d97049a89a1,539087cb20f70186a0d594fa
53e9983db7602d9702063cf1,5390881220f70186a0d7f82d
53e9b991b7602d97045848ab,5390881220f70186a0d7dbf4
53e9a743b7602d970307ad1e,539087e120f70186a0d665fc
53e9bd8cb7602d9704a359db,5390881820f70186a0d81113
53e9b884b7602d97044555da,539089ab20f70186a0d97061
53e9aa48b7602d97033b72fe,5390975920f70186a0dfe2b7
53e9ba85b7602d97046a99f2,5390980720f70186a0e01e3a
53e9b152b7602d9703bd3739,5390980720f70186a0e01e42
53e9b414b7602d9703f0bd27,539087e720f70186a0d68408
53e9a2ebb7602d9702bf3118,539087dd20f70186a0d63499
53e9b98ab7602d970457d0e7,5390980720f70186a0e01e39
53e99d7ab7602d97026369c3,5390881220f70186a0d7dbe7
53e9b938b7602d97045251fa,5390881220f70186a0d7f82b
53e9a1fab7602d9702afd7f8,539087f320f70186a0d6fe29
53e9b017b7602d9703a7115b,539087e720f70186a0d68b6b
53e9ad42b7602d9703722d03,539087ef20f70186a0d6c8e3
53e99938b7602d9702178a2d,5390979920f70186a0dffb8e
53e9b4b4b7602d9703fc8743,539087dd20f70186a0d634a4
53e99915b7602d9702153324,5390881820f70186a0d81111
53e9a9f0b7602d9703359b92,5390880220f70186a0d77f50
53e9a833b7602d970317d4fd,5390962020f70186a0df3f40
53e99eb5b7602d970277f14a,5390881220f70186a0d7f829
53e9b57cb7602d97040be00a,539087e120f70186a0d665fd
53e9afb9b7602d9703a05ea6,539087cf20f70186a0d5b53c
53e9a6c3b7602d9702ff5623,539095ba20f70186a0df0f0b
53e99853b7602d97020885ae,539087cf20f70186a0d5d041
53e9b33db7602d9703e13425,539087dd20f70186a0d6349b
53e99ae6b7602d970236b9ef,539087f320f70186a0d70acf
53e99a8cb7602d97022fffcc,539089ab20f70186a0d96af4
53e9a905b7602d9703253c45,539087cb20f70186a0d594f3
53e9bcd2b7602d9704956f2b,5390975920f70186a0dfe2c0
53e99c91b7602d97025452d2,539089d320f70186a0d9c21d
53e9bb08b7602d9704743dab,5390882d20f70186a0d8db99
53e9ba9bb7602d97046c560f,539087d920f70186a0d604f1
53e9aaa9b7602d97034211e0,5390882d20f70186a0d8db95
53e9a4f3b7602d9702e17725,5390880d20f70186a0d7b5ea
53e9b6c4b7602d970424fff3,539087cf20f70186a0d5b543
53e9afeeb7602d9703a411ba,539087e720f70186a0d68b78
53e9a25cb7602d9702b61fef,539089ab20f70186a0d96afa
53e9bd98b7602d9704a459d7,5390980720f70186a0e01e41
53e9aabdb7602d970343b0bc,5390975920f70186a0dfe2b6
53e9b4efb7602d970401a8a0,5390962020f70186a0df3f4c
53e9b0fbb7602d9703b753f1,5390958920f70186a0deec7e
53e9a5cdb7602d9702ef7927,53908b4920f70186a0dbc91d
53e9b59bb7602d97040e14f1,5390881220f70186a0d7dc03
53e9ad76b7602d9703764548,53908a4020f70186a0d9d770
53e9b97cb7602d970456a2b5,5390881220f70186a0d7dbe4
53e99e05b7602d97026cb93f,539087fe20f70186a0d758e2
53e99b0ab7602d970239c211,5590dd220cf25001c36ef7eb
53e99b26b7602d97023bfae5,539087cb20f70186a0d594f2
53e9be5db7602d9704b1f543,5390980720f70186a0e01e37
53e9bbcfb7602d970481e590,539089ab20f70186a0d97058
53e9bd11b7602d970499c03a,539089ab20f70186a0d9705e
53e9b4d9b7602d9703ffe516,539087cf20f70186a0d5b545
53e9af46b7602d970398679c,539087d920f70186a0d604ec
53e9b40eb7602d9703f03182,539087dd20f70186a0d634a1
53e9bb15b7602d970475279c,5390975920f70186a0dfe2be
53e9ac8fb7602d97036690e5,5390882d20f70186a0d8db9a
53e9a488b7602d9702da802a,5390880220f70186a0d77f95
53e99a8bb7602d97022fd9b9,5390962020f70186a0df3f48
53e9b30ab7602d9703dce3a4,5390880d20f70186a0d7b5ec
53e9a96cb7602d97032c4567,53908b4920f70186a0dbc917
53e9a0e6b7602d97029ce9e7,539087dd20f70186a0d634a0
53e9aef1b7602d970391ef85,539095ba20f70186a0df0f0d
53e9a508b7602d9702e272bb,539087cb20f70186a0d594f7
53e9984fb7602d970208642b,539087cb20f70186a0d594f4
53e9a5b6b7602d9702edd94d,539095ba20f70186a0df0f0f
53e9a448b7602d9702d66728,5390980720f70186a0e01e3d
53e9ab65b7602d97035023ec,539089ab20f70186a0d96af8
53e997e9b7602d9701fe4526,558f36690cf2c779a64787a8
53e9b4a1b7602d9703fad9ff,539089ab20f70186a0d96f58
53e99b0ab7602d970239c217,558e0e590cf222bc17bc023b
53e9b47cb7602d9703f80ae7,539087cf20f70186a0d5d01c
53e9ad87b7602d9703780a0d,5390881820f70186a0d81112
53e9b500b7602d970402fdab,539087dd20f70186a0d62b41
53e99813b7602d970202daba,539087dd20f70186a0d62b3e
53e9aa0fb7602d97033792a6,5390882d20f70186a0d8dba2
53e9b47cb7602d9703f7f787,5390962020f70186a0df3f47
53e9b0b2b7602d9703b21cca,539087d920f70186a0d604f4
53e9ac4eb7602d970361effd,539089ab20f70186a0d9705f
53e9b316b7602d9703ddf961,53908a4020f70186a0d9d771
53e9b316b7602d9703ddf961,53908b4920f70186a0dbc919
53e9aee4b7602d9703911678,5390958920f70186a0deec7d
53e9a6dfb7602d97030162b3,5390880d20f70186a0d7cd65
53e9ab31b7602d97034bb6c4,539087d920f70186a0d604ef
53e9984fb7602d970208510b,539089ab20f70186a0d96af2
53e9b95bb7602d9704549f06,539087cb20f70186a0d594ef
53e9aea4b7602d97038c9599,539087dd20f70186a0d6349c
53e9acbcb7602d970369b25e,539087dd20f70186a0d62b3f
53e9babab7602d97046e7c3c,5390881220f70186a0d7dbb6
53e9b700b7602d97042950b9,539087cf20f70186a0d5b53b
53e9b1c2b7602d9703c5029f,5390958920f70186a0deec75
53e9985fb7602d9702096dfe,539087dd20f70186a0d63497
53e9b65bb7602d97041be2dd,539087f320f70186a0d70acc
53e99a4eb7602d97022b2d1f,539087dd20f70186a0d62b4d
53e9ac33b7602d97035fc49a,5390880d20f70186a0d7b5e8
53e9b8a1b7602d970447d825,539087f320f70186a0d6fe14
53e9b8d4b7602d97044b3ccc,539087cb20f70186a0d594f8
53e9ac5cb7602d970362ecc1,539087dd20f70186a0d62b46
53e99f02b7602d97027cc611,539087f320f70186a0d6fe20
53e9b023b7602d9703a812bc,539095ba20f70186a0df0f07
53e99846b7602d9702077788,5390962020f70186a0df3f4e
53e99a67b7602d97022d556a,5390980720f70186a0e01e36
53e9bd4bb7602d97049d90b0,539087f320f70186a0d70a1c
53e99a2ab7602d9702283f63,539087fe20f70186a0d758e5
53e9ae22b7602d9703836aa0,539087d920f70186a0d604f5
53e99ea7b7602d9702772455,539087d920f70186a0d604f6
53e99de2b7602d97026a6cc2,53908a4020f70186a0d9d776
53e9ba4eb7602d97046678f4,539087cf20f70186a0d5b528
53e9b7cdb7602d970437bea2,539087dd20f70186a0d62b3b
53e9b0eeb7602d9703b6ab6e,5390880220f70186a0d77f91
53e9b5b6b7602d97040fa1e4,53908a9620f70186a0da4e43
53e9b3c7b7602d9703eb19ad,539087d920f70186a0d604f2
53e99967b7602d97021a9954,53908a9620f70186a0da4d93
53e9ad72b7602d970375d2fa,53908a7420f70186a0da468f
53e9bbcfb7602d970481d40a,53908a7420f70186a0da4493
53e9a9e6b7602d9703349393,53908a7420f70186a0da448e
53e9b3a3b7602d9703e857da,53908a9620f70186a0da4ee6
53e9b08ab7602d9703af6afa,53909f8c20f70186a0e401f6
53e9a682b7602d9702fb5f2a,53909f8c20f70186a0e3fe8c
53e9a5f0b7602d9702f1eb77,53908a9620f70186a0da4729
53e9a5f0b7602d9702f1eb77,558d71eb0cf2c779a6475fbb
53e9a5f0b7602d9702f1eb77,558d71540cf2e667580502e4
53e9a5f0b7602d9702f1eb77,558f361d0cf222bc17bc1c33
53e9a5f0b7602d9702f1eb77,558cf127e4b00b95a766fdb7
53e9bc9eb7602d970491e13e,53909f8c20f70186a0e3fe28
53e9ac4eb7602d970361b85f,53908a9620f70186a0da47e0
53e9b708b7602d970429b70d,53909f6920f70186a0e3a9c4
53e99b0ab7602d970239bff2,53908a9620f70186a0da4d9d
53e99afeb7602d970238ffd2,53908a7420f70186a0da468d
53e9affbb7602d9703a55249,53908a9620f70186a0da4e30
53e99b43b7602d97023e3b29,53909f6920f70186a0e3a97c
53e9b124b7602d9703ba665b,53908a9620f70186a0da4ee7
53e9b6b0b7602d97042321a7,53908a9620f70186a0da473d
53e99ac4b7602d9702343ad0,53908a9620f70186a0da4d8f
53e99ea0b7602d970276a77f,53908a9620f70186a0da4ce6
53e9aec4b7602d97038eab1c,53909f8c20f70186a0e3fe2f
53e9bb3db7602d970477b953,53909f6920f70186a0e3a9c1
53e9abf6b7602d97035b44f2,53908a7420f70186a0da45ca
53e9a85cb7602d97031a708b,53909f8c20f70186a0e3fe2a
53e99bcdb7602d9702479cdc,53908a9620f70186a0da4da2
53e9b029b7602d9703a885d7,53908a9620f70186a0da4e24
53e9a042b7602d970292b087,53908a7420f70186a0da467d
53e9b56cb7602d97040a42d2,53909f8c20f70186a0e3fe65
53e9a14db7602d9702a41c05,53908a9620f70186a0da4ef0
53e9a839b7602d97031825d8,53909f8c20f70186a0e3fe7b
53e9ab00b7602d9703480b8c,53908a7420f70186a0da453b
53e9a32eb7602d9702c36ba1,53908a9620f70186a0da4ce0
53e9a1e1b7602d9702add6b4,53909f8c20f70186a0e3fe87
53e9b4bfb7602d9703fd608d,53908a9620f70186a0da47e1
53e9bd11b7602d97049968a9,53909f8c20f70186a0e401a2
53e9b57cb7602d97040b867f,53908a7420f70186a0da454a
53e9aa16b7602d97033854d4,53908a9620f70186a0da4ce8
53e9ab4fb7602d97034df792,53909f8c20f70186a0e3fe92
53e9a3a5b7602d9702cb4c0c,53909f8c20f70186a0e3fe79
53e9ab32b7602d97034bc87f,53909f8c20f70186a0e3fe22
53e9adfeb7602d970380564e,53908a9620f70186a0da4d8e
53e9b137b7602d9703bb69d8,53908a7420f70186a0da45da
53e9ba69b7602d9704687880,53908a9620f70186a0da4ed2
53e9ae69b7602d970388616d,53909f6920f70186a0e3a9ce
53e9ab31b7602d97034bad80,53908a7420f70186a0da4496
53e9b070b7602d9703ad5245,53909f8c20f70186a0e3fe7d
53e9acefb7602d97036cc3aa,53909f8c20f70186a0e40218
53e99d65b7602d970262044d,53908a9620f70186a0da4728
53e9b381b7602d9703e63e4d,53908a9620f70186a0da4d89
53e9bddbb7602d9704a89971,53909f6920f70186a0e3a97a
53e9a40eb7602d9702d2c1fa,53908a9620f70186a0da47ec
53e9a238b7602d9702b3f983,53909f8c20f70186a0e401ff
53e9a8dbb7602d970322a19e,53908a9620f70186a0da4eec
53e999ffb7602d9702247e35,53908a7420f70186a0da45d1
53e9a576b7602d9702e9fa27,53908a7420f70186a0da4527
53e99938b7602d9702177541,53908a7420f70186a0da4492
53e9b641b7602d97041a0ead,53909f8c20f70186a0e40220
53e9b365b7602d9703e48e19,539087cb20f70186a0d594f9
53e9abdab7602d9703592eb5,5390881220f70186a0d7f81f
53e9aa5cb7602d97033ce572,539087f320f70186a0d6fe09
53e9b213b7602d9703cab314,539089d320f70186a0d9c221
53e9b732b7602d97042cd238,5390962020f70186a0df3f4d
53e9b0abb7602d9703b1978b,539087ef20f70186a0d6c8e2
53e99d28b7602d97025dabf7,5390958920f70186a0deec77
53e9abc5b7602d9703578ecd,5390881220f70186a0d7dbfb
53e9b594b7602d97040da65c,539087dd20f70186a0d62b48
53e9bb72b7602d97047b70c0,539087dd20f70186a0d634a2
53e9ab07b7602d970348e012,539089d320f70186a0d9c219
53e9b550b7602d970408948c,539095ba20f70186a0df0f03
53e9b701b7602d970429a32c,539087ef20f70186a0d6c8e4
53e9af46b7602d9703986ab6,5390975920f70186a0dfe2af
53e9b9b4b7602d97045aa66b,5390881220f70186a0d7dbf6
53e9b2d2b7602d9703d82c8d,539089ab20f70186a0d96f59
53e9a01fb7602d97029056d6,5390881820f70186a0d81110
53e9b6a2b7602d97042174ec,5390880220f70186a0d77f6a
53e9b565b7602d970409d6df,5390882d20f70186a0d8db97
53e99be3b7602d970248e2e6,539087cf20f70186a0d5b541
53e9a914b7602d9703263a5f,53908b4920f70186a0dbc91e
53e99d21b7602d97025d4bcd,539087cb20f70186a0d594f5
53e9a57db7602d9702ea7df6,539089ab20f70186a0d96f57
53e99b21b7602d97023b7d64,539087f320f70186a0d6f78e
53e99b21b7602d97023b7d64,5390880220f70186a0d77f8a
53e9b495b7602d9703f9b093,5390881820f70186a0d8110b
53e99addb7602d9702363885,539087cf20f70186a0d5d02f
53e9bb8db7602d97047d677b,539095ba20f70186a0df0f08
53e9b88ab7602d970445a56b,539089d320f70186a0d9c21a
53e9a0f3b7602d97029db9e5,5390880d20f70186a0d7cd68
53e9b4bfb7602d9703fdb00f,539087cb20f70186a0d594f0
53e99eaeb7602d970277811f,539095ba20f70186a0df0f14
53e9984bb7602d970207a805,539087e720f70186a0d68b76
53e9b30ab7602d9703dd0754,53908a4020f70186a0d9d778
53e99e04b7602d97026c6306,539089ab20f70186a0d97056
53e99a49b7602d97022acf07,5390979920f70186a0dffb8c
53e9afdab7602d9703a2b275,5390958920f70186a0deec72
53e9984fb7602d970208794b,5390881820f70186a0d8111b
53e9a22cb7602d9702b32326,539087e120f70186a0d665fa
53e9bc87b7602d97049067f2,539087cf20f70186a0d5d034
53e99c4bb7602d97024f9a71,539095ba20f70186a0df0f11
53e9adcdb7602d97037d6798,539087cf20f70186a0d5d03f
53e9b666b7602d97041c780c,5390881220f70186a0d7f82c
53e9aaecb7602d970346cf2a,539087fe20f70186a0d758e4
53e9ba6ab7602d970468d255,539089ab20f70186a0d96af3
53e9a627b7602d9702f57d83,5390979920f70186a0dffb8f
53e99beab7602d9702491f3b,539087cf20f70186a0d5b544
53e9b572b7602d97040ab2e0,53908b4920f70186a0dbc924
53e99cc2b7602d9702578f47,5390881220f70186a0d7dbbb
53e997c2b7602d9701fafd6b,5390880d20f70186a0d7b5c7
53e9ad04b7602d97036e08d1,5390962020f70186a0df3f42
53e99b1bb7602d97023b1913,5390881220f70186a0d7f831
53e9b78ab7602d97043303cf,5390958920f70186a0deec74
53e9a27ab7602d9702b7fc2f,539087e720f70186a0d68b75
53e9a317b7602d9702c230ca,539089ab20f70186a0d96f61
53e9a263b7602d9702b67c26,5390962020f70186a0df3f50
53e99e5bb7602d9702722274,539087d920f70186a0d604eb
53e9a7e3b7602d9703122916,539087e720f70186a0d68403
53e9a0d9b7602d97029c5404,539087f320f70186a0d70aca
53e9989bb7602d97020d1335,53909f8c20f70186a0e401fa
53e99853b7602d97020893ee,53908a9620f70186a0da4cf0
53e9a408b7602d9702d1f790,53908a9620f70186a0da4cdf
53e9a57db7602d9702ea96d6,53908a9620f70186a0da4740
53e9b32bb7602d9703dfcb36,53908a9620f70186a0da47cd
53e9a914b7602d9703266540,53908a7420f70186a0da4521
53e9a343b7602d9702c4a52f,53908a9620f70186a0da4743
53e99e7fb7602d9702741767,539087f320f70186a0d709fd
53e99ccab7602d970257c485,5390882d20f70186a0d8dba1
53e9af0cb7602d9703940b40,5390972920f70186a0dfac92
53e9bdfdb7602d9704aad552,53908d6520f70186a0dd1a05
53e9a946b7602d970329b029,53908d6520f70186a0dd19fc
53e9b4a5b7602d9703fb12e1,5390882d20f70186a0d8dae5
53e9b565b7602d97040a13bb,5390881220f70186a0d7dbee
53e9a07ab7602d9702963797,5390881220f70186a0d7dbff
53e99938b7602d9702179229,5390975920f70186a0dfe2b0
53e9b79fb7602d9704348bdc,5390958920f70186a0deec81
53e9984fb7602d97020823cf,539087e720f70186a0d68b6d
53e9abb2b7602d9703562b90,539087d920f70186a0d604ea
53e997e9b7602d9701fe4527,5590d2bd0cf2ce4b6f3a033a
53e997e9b7602d9701fe4527,5590d19e0cf237666fc28f98
53e99931b7602d97021720a2,539087e720f70186a0d68fab
53e9a958b7602d97032aef11,5390979920f70186a0dffb8a
53e99af2b7602d970237e0d4,5390881820f70186a0d8111a
53e99d7ab7602d970263389b,5390979920f70186a0dffb82
53e9a55cb7602d9702e84b64,5390979920f70186a0dffb84
53e99aecb7602d9702373ecd,5390958920f70186a0deec79
53e9aa6eb7602d97033e467d,539087fe20f70186a0d758e7
53e9a635b7602d9702f636c2,5390979920f70186a0dffb86
53e9987db7602d97020b8d3e,539089ab20f70186a0d97055
53e9b79fb7602d970434728a,5390958920f70186a0deec80
53e9a6bcb7602d9702ff26e4,5390979920f70186a0dffb83
53e9af61b7602d97039a1592,539087f320f70186a0d6fe21
53e9bc2cb7602d9704897121,5390962020f70186a0df3f43
53e9b56cb7602d97040a7c9a,5390880d20f70186a0d7cd6a
53e9984fb7602d9702087949,539087f320f70186a0d6fe26
53e9ae5cb7602d970387a189,539089ab20f70186a0d96afc
53e9ae04b7602d970380f456,539089ab20f70186a0d96f5a
53e9a099b7602d9702983634,539087ef20f70186a0d6c8e7
53e99ed2b7602d970279f3e8,539087fe20f70186a0d758e6
53e9b310b7602d9703dd84b6,5390880220f70186a0d77f54
53e9b33eb7602d9703e145a9,5390975920f70186a0dfe2ac
53e99846b7602d9702077b3d,539089ab20f70186a0d96f5b
53e9a1aeb7602d9702aa56f1,5390975920f70186a0dfe2b5
53e9bdacb7602d9704a5afe4,5390975920f70186a0dfe2ad
53e9b316b7602d9703ddf961,53908a4020f70186a0d9d771
53e9b316b7602d9703ddf961,53908b4920f70186a0dbc919
53e9afb3b7602d9703a008d3,5390975920f70186a0dfe2b8
53e9a88db7602d97031dd7b8,5390962020f70186a0df3f3f
53e9a4a3b7602d9702dc281a,5390958920f70186a0deec7f
53e99931b7602d970216cec0,539087cf20f70186a0d5b542
53e99d6bb7602d97026235a8,5390958920f70186a0deec82
53e9a1edb7602d9702aee572,539087cf20f70186a0d5d021
53e9be72b7602d9704b31b40,5390880220f70186a0d77f5d
53e9a55cb7602d9702e80cc9,539087e720f70186a0d68b6f
53e9abb2b7602d9703562b03,53908a4020f70186a0d9d77a
53e9a09fb7602d97029891c2,539087e720f70186a0d68404
53e99aacb7602d9702325e77,5390958920f70186a0deec76
53e9b0fbb7602d9703b764b7,539087d920f70186a0d604ed
53e9b66cb7602d97041d02a6,5390975920f70186a0dfe2b3
53e9a2fab7602d9702c03daf,53909f8c20f70186a0e4021a
53e9b5fab7602d970414bcc9,53909f6920f70186a0e3a9ba
53e99de8b7602d97026a89f1,53908a9620f70186a0da4ce1
53e9bb0eb7602d9704746aa9,53908a9620f70186a0da4ee3
53e99967b7602d97021a75ab,53908a9620f70186a0da4eda
53e9acfeb7602d97036ddaf2,53908a9620f70186a0da4c5a
53e9b108b7602d9703b87088,53908a9620f70186a0da472b
53e9a7cfb7602d9703110ef4,53908a9620f70186a0da4874
53e99fddb7602d97028b76cb,53908a7420f70186a0da4688
53e9a0fbb7602d97029e46ea,539087cf20f70186a0d5b53e
53e9b954b7602d970453d01f,53908a9620f70186a0da4d99
53e99f63b7602d9702832e80,53909f8c20f70186a0e3fe9c
53e9b2d7b7602d9703d88217,53908a7420f70186a0da468c
53e9a89bb7602d97031e9380,53909f8c20f70186a0e3fe89
53e99fd0b7602d97028a969e,53908a9620f70186a0da4d7b
53e9af07b7602d970393f7f4,53909f8c20f70186a0e3fe48
53e9aa9cb7602d9703413318,53909f8c20f70186a0e3fe91
53e9aa02b7602d970336e21f,53909f8c20f70186a0e3fe61
53e99c52b7602d9702500576,53909f8c20f70186a0e3fe96
53e9b062b7602d9703ac93d8,53909f8c20f70186a0e3fe33
53e9aa50b7602d97033c12f9,53908a9620f70186a0da4d96
53e9bb9ab7602d97047e2ba2,53909f8c20f70186a0e3fe72
53e9a699b7602d9702fcbde8,53908a9620f70186a0da4d81
53e9b6bfb7602d970424472d,53908a9620f70186a0da4e31
53e9b4eeb7602d97040169ec,53909f8c20f70186a0e3fe38
53e9b381b7602d9703e63526,53908a9620f70186a0da4737
53e9afcdb7602d9703a21cb7,5390975920f70186a0dfe095
53e9afcdb7602d9703a21cb7,53909f8c20f70186a0e3fe62
53e9a7a6b7602d97030e3e96,53908a9620f70186a0da4745
53e9a32eb7602d9702c37222,53908a9620f70186a0da4ed1
53e99c19b7602d97024c3b5c,53908a9620f70186a0da4ce5
53e9bc80b7602d970490276f,53908a7420f70186a0da45c4
53e9a576b7602d9702e9c502,53909f8c20f70186a0e3fe84
53e99b36b7602d97023d297b,53909f8c20f70186a0e3fe32
53e99f0ab7602d97027da91e,53909f6920f70186a0e3a9b7
53e9a1c3b7602d9702abbece,53909f8c20f70186a0e4021e
53e9a301b7602d9702c0c4cc,53908a7420f70186a0da45d4
53e9af99b7602d97039e5318,53908b2a20f70186a0db9097
53e9a8cdb7602d970321fa81,53908a7420f70186a0da447d
53e9b57cb7602d97040be738,53908a7420f70186a0da448a
53e9a0a6b7602d97029901cd,53908a7420f70186a0da4677
53e9be50b7602d9704b0d16a,53909f6920f70186a0e3a9a4
53e9b46fb7602d9703f70f15,53908a9620f70186a0da4d7d
53e99b94b7602d9702439f10,53909f6920f70186a0e3a96e
53e9b564b7602d970409cc59,53908a7420f70186a0da45e3
53e99df7b7602d97026b7679,53908a7420f70186a0da4669
53e9ae05b7602d97038138b6,53909f8c20f70186a0e401c8
53e9aa2bb7602d9703397ef0,53909f8c20f70186a0e3fe49
53e9a0e6b7602d97029d2721,53908a9620f70186a0da47e4
53e9a8eab7602d97032392e8,53909f8c20f70186a0e3fe6b
53e9bd54b7602d97049e87d7,53909f8c20f70186a0e40205
53e9b607b7602d970415f830,53909f8c20f70186a0e3fe29
53e9ae49b7602d9703860085,53909f8c20f70186a0e401e9
53e99bc6b7602d97024712de,53908a7420f70186a0da4690
53e9b8c1b7602d97044a20ba,53908a9620f70186a0da47d6
53e9bc0ab7602d970486e828,53908a9620f70186a0da4da3
53e9a351b7602d9702c5e241,53908a9620f70186a0da47ce
53e99b10b7602d970239f58f,53909f8c20f70186a0e401a4
53e9ac6fb7602d970363f75f,53909f8c20f70186a0e3fe7c
53e99e1ab7602d97026dd7ff,53909f6920f70186a0e3a9cb
53e9a848b7602d97031940b0,53909f6920f70186a0e3a962
53e9a0eeb7602d97029d75d6,53909f8c20f70186a0e401ba
53e9a089b7602d970296fc90,53908a9620f70186a0da4e3c
53e9a089b7602d970296fc90,53908a9620f70186a0da4ec9
53e9adc8b7602d97037d1690,53909f8c20f70186a0e3fe93
53e99f57b7602d9702828e37,53909f8c20f70186a0e40204
53e9b54fb7602d9704085737,53908a7420f70186a0da4680
53e9acf0b7602d97036cda05,53908a7420f70186a0da4675
53e9b443b7602d9703f3e6ee,53909f8c20f70186a0e3fe58
53e9abdab7602d9703592e01,53908b2a20f70186a0db9751
53e9adaab7602d97037a8db4,53909f8c20f70186a0e3fe5d
53e9a0d8b7602d97029c0859,53908a9620f70186a0da4cde
53e9b72cb7602d97042c408e,53909f8c20f70186a0e3fe76
53e9a525b7602d9702e49109,53909f8c20f70186a0e401c9
53e9abd4b7602d970358c7d2,53908a9620f70186a0da4735
53e9b152b7602d9703bd5308,5390958920f70186a0deec7a
53e9984bb7602d970207db5a,539087e720f70186a0d68413
53e9a8beb7602d970320c8eb,53908b4920f70186a0dbc91f
53e99e04b7602d97026c5788,539087d920f70186a0d604f3
53e9af81b7602d97039c4d92,539087dd20f70186a0d62b50
53e9a0eeb7602d97029d912e,5390881820f70186a0d81114
53e9a9b7b7602d9703314db9,5390881820f70186a0d8111e
53e9b79fb7602d97043462ac,5390979920f70186a0dffb89
53e9bd64b7602d9704a02153,53908a4020f70186a0d9d773
53e9a326b7602d9702c31476,53908a9620f70186a0da4d85
53e9af47b7602d9703988998,53908a9620f70186a0da4d9e
53e9b564b7602d970409b6d7,53908a7420f70186a0da468a
53e997e4b7602d9701fdbae1,53909f8c20f70186a0e3fe40
53e99fc9b7602d97028a38ae,5390882d20f70186a0d8dac0
53e9b049b7602d9703aab656,5390880220f70186a0d75f24
53e9bd1eb7602d97049a97eb,5390882d20f70186a0d8dad6
53e9b5a2b7602d97040ea267,539087d420f70186a0d5df54
53e9a894b7602d97031e356c,539087e720f70186a0d69667
53e9b1c3b7602d9703c53a60,53908d6520f70186a0dd1a00
53e9990db7602d9702148696,539087f320f70186a0d6f885
53e99f11b7602d97027deea2,53908d6520f70186a0dd1a11
53e9a91ab7602d970326be48,5390972920f70186a0dfac8a
53e99fd0b7602d97028aed9b,5390972920f70186a0dfaced
53e9b923b7602d970450eb39,5390972920f70186a0dfac8b
53e9a675b7602d9702fa8dac,5390972920f70186a0dfacb3
53e99a35b7602d97022963e6,5390972920f70186a0dfac9a
53e9b8ccb7602d97044aba70,53908d6520f70186a0dd1a21
53e9acd3b7602d97036b13fd,53908d6520f70186a0dd1a29
53e9b550b7602d9704086a53,539087dd20f70186a0d644fb
53e9bb23b7602d970475d139,5390882d20f70186a0d8dadc
53e9be4ab7602d9704b05415,5390882d20f70186a0d8daf1
53e9be4ab7602d9704b05415,5390882d20f70186a0d8daf2
53e9b290b7602d9703d35bc3,539087e720f70186a0d6968b
53e99c12b7602d97024c0b38,539087e720f70186a0d69695
53e9ba6ab7602d970468d643,5390972920f70186a0dfacf8
53e9a3c7b7602d9702cd90f5,5390882d20f70186a0d8dab3
53e9aeeab7602d970391410b,53908d6520f70186a0dd1a39
53e9b84ab7602d970440e66e,5390972920f70186a0dfacca
53e99cc9b7602d970257be45,5390972920f70186a0dfacbb
53e9b160b7602d9703be66bc,53908d6520f70186a0dd19f5
53e9bc9db7602d9704919f89,53908a4020f70186a0d9d774
53e9ab64b7602d97034fd41b,53908a9620f70186a0da47da
53e9a46ab7602d9702d8625e,53908a9620f70186a0da4e37
53e9985fb7602d9702096b4f,53908a7420f70186a0da4540
53e9bb8cb7602d97047d0475,53908a7420f70186a0da4476
53e9ad72b7602d970375ed6d,53908a7420f70186a0da448c
53e9bcefb7602d9704975d7f,53909f8c20f70186a0e3fe23
53e9ae22b7602d97038361b6,53909f8c20f70186a0e40200
53e9b802b7602d97043b82e0,53909f8c20f70186a0e3fe98
53e9a9beb7602d970331dd27,53909f8c20f70186a0e401cc
53e9a52cb7602d9702e4eaeb,53909f8c20f70186a0e3fe95
53e9b98ab7602d970457bd03,53908a9620f70186a0da4d9c
53e9bd38b7602d97049c42b1,53908a7420f70186a0da467e
53e9a058b7602d970293c070,53908a9620f70186a0da47e8
53e9b40eb7602d9703f04482,53908a9620f70186a0da4cf2
53e9af68b7602d97039adb00,53908a7420f70186a0da449f
53e9afb3b7602d97039ff677,53908a7420f70186a0da4477
53e9a9f7b7602d970335ee05,53908a7420f70186a0da45d0
53e9b634b7602d9704191ccd,53909f8c20f70186a0e401f8
53e9a635b7602d9702f61c6d,53908a7420f70186a0da4531
53e9aeebb7602d970391916a,53908a9620f70186a0da4d8d
53e9a381b7602d9702c92d6e,53908a9620f70186a0da4ee5
53e9a749b7602d9703081985,53908b2a20f70186a0db9743
53e9a1fab7602d9702afc679,53909f8c20f70186a0e3fe8b
53e9bb4bb7602d97047886bd,53909f6920f70186a0e3a96a
53e9adffb7602d9703807c1b,53909f8c20f70186a0e40219
53e9a86fb7602d97031ba896,53908a9620f70186a0da4878
53e9b0dfb7602d9703b5cb15,53909f6920f70186a0e3a99d
53e9b9dab7602d97045d3160,53908a9620f70186a0da4ee2
53e9b746b7602d97042e000e,53908a7420f70186a0da45d2
53e9a767b7602d97030a3080,53909f6920f70186a0e3a966
53e9b12ab7602d9703bacfb7,53908a7420f70186a0da4543
53e9a4b8b7602d9702dd5e3b,53908a7420f70186a0da453c
53e9990db7602d970214d36a,53908a9620f70186a0da4ec7
53e9a051b7602d970293978d,53908a9620f70186a0da47de
53e9b52db7602d970406711c,53909f8c20f70186a0e40202
53e9a7bab7602d97030f60ad,53908b2a20f70186a0db90ac
53e9aa32b7602d97033a1147,53908a9620f70186a0da4d7e
53e9a13fb7602d9702a33280,53909f8c20f70186a0e3fe4f
53e9ba70b7602d97046950d3,53908a7420f70186a0da45dd
53e9bb0fb7602d97047483c7,53908a9620f70186a0da4739
53e9986eb7602d97020ac05e,53909f8c20f70186a0e3fe63
53e9b9adb7602d970459fb53,53908b2a20f70186a0db9748
53e9bb3db7602d9704779b65,53909f8c20f70186a0e3fe94
53e9a658b7602d9702f8c37c,53908a9620f70186a0da4d98
53e9aed1b7602d97038fa413,53909f6920f70186a0e3a999
53e9b19cb7602d9703c2527c,53909f8c20f70186a0e3fe24
53e9b641b7602d970419d437,53909f8c20f70186a0e3fe64
53e9b607b7602d970415bd12,53908a9620f70186a0da487f
53e9b929b7602d970451535e,53909f8c20f70186a0e3fe68
53e9b0c2b7602d9703b34a47,53909f8c20f70186a0e401ac
53e99a78b7602d97022e901f,5390979920f70186a0dffb8b
53e9aeebb7602d9703917def,5390979920f70186a0dffb87
53e9b2f9b7602d9703db8ef9,539087cf20f70186a0d5d025
53e997b9b7602d9701f9d978,53908b4920f70186a0dbc920
53e9a36db7602d9702c77750,539087e720f70186a0d68406
53e9bd1db7602d97049a50d0,539089ab20f70186a0d96af7
53e9a480b7602d9702d9b138,539087f320f70186a0d70ad8
53e9aa2cb7602d970339bf14,5390880220f70186a0d77f8e
53e99d58b7602d9702613e02,539087e720f70186a0d68b65
53e9afeeb7602d9703a429c6,539087f320f70186a0d6fe24
53e9a52cb7602d9702e5083b,539087e720f70186a0d68b7d
53e99afeb7602d970238d25a,5390962020f70186a0df3f4b
53e9a31eb7602d9702c266ab,539089d320f70186a0d9c21f
53e9b2dbb7602d9703d91bc7,5390975920f70186a0dfe2bf
53e9a699b7602d9702fcd165,539087e720f70186a0d68b69
53e9ad68b7602d970374f0fd,539095ba20f70186a0df0f0e
53e9aa66b7602d97033d942d,539087fe20f70186a0d758e8
53e99d96b7602d9702655648,539089d320f70186a0d9c215
53e9a61fb7602d9702f4b489,539087fe20f70186a0d758e3
53e99a0eb7602d970225f6a1,539095ba20f70186a0df0f06
53e9a67cb7602d9702fae348,539087e720f70186a0d68414
53e9b388b7602d9703e6a0ee,5390881820f70186a0d8110c
53e9b587b7602d97040c8e5d,539095ba20f70186a0df0f15
53e9b550b7602d970408b42c,539095ba20f70186a0df0f13
53e9ade2b7602d97037ec4ae,539087e720f70186a0d68b7b
53e997b5b7602d9701f96d88,5390958920f70186a0deec73
53e9ac7bb7602d97036524b7,539089ab20f70186a0d96f60
53e9bb08b7602d97047405ad,539095ba20f70186a0df0f09
53e9b46fb7602d9703f703d9,539089ab20f70186a0d96f5f
53e9a839b7602d970318585a,539087dd20f70186a0d63498
53e9ab48b7602d97034d8db1,539087e120f70186a0d665f6
53e99cd1b7602d9702583fd1,539087cf20f70186a0d5d02a
53e99f35b7602d9702805451,5390881220f70186a0d7f81c
53e9b6abb7602d970422aac5,539089ab20f70186a0d96f5c
53e9a1d0b7602d9702acbf58,539087cb20f70186a0d594f6
53e9b6bfb7602d97042462bd,539089d320f70186a0d9c21b
53e99813b7602d970202b96d,539089ab20f70186a0d9705d
53e99e78b7602d970273a433,539087f320f70186a0d70acb
53e9b88bb7602d970445ea97,5390880220f70186a0d77f6f
53e9a995b7602d97032f0f99,539087dd20f70186a0d62b4f
53e9b87fb7602d97044516f7,539095ba20f70186a0df0f05
53e9a839b7602d97031824c6,5390958920f70186a0deec78
53e9a7eab7602d97031283f1,53908b4920f70186a0dbc918
53e9a727b7602d970305e97a,539089ab20f70186a0d96afe
53e9a9f7b7602d970335efd0,539087e720f70186a0d68409
53e9aed7b7602d970390222a,539087e720f70186a0d68b7a
53e99bc6b7602d970246db8f,5390880d20f70186a0d7b5ca
53e99a74b7602d97022e39e2,539087cf20f70186a0d5b536
53e9addab7602d97037e07d4,539087dd20f70186a0d6349a
53e9a48eb7602d9702daf1eb,5390958920f70186a0deec7c
53e9a9d9b7602d970333c25d,539089d320f70186a0d9c223
53e9abe4b7602d970359e217,539089d320f70186a0d9c21c
53e9ae1cb7602d970382dc4b,5390980720f70186a0e01e34
53e9a751b7602d970308c5f4,539087dd20f70186a0d62b4e
53e9aa73b7602d97033e79bb,5390880220f70186a0d77f61
53e9be5db7602d9704b1c869,5390880220f70186a0d77f59
53e9a186b7602d9702a7c019,539089ab20f70186a0d97057
53e9ac89b7602d970365fef8,539087cf20f70186a0d5b531
53e9ad92b7602d970378f854,5390881220f70186a0d7f81a
53e99b36b7602d97023d5c86,539087dd20f70186a0d62b44
53e99b36b7602d97023d5c86,539087eb20f70186a0d6a445
53e9ba11b7602d970461689e,539087e720f70186a0d68b70
53e9a3f5b7602d9702d0f275,539095ba20f70186a0df0f0a
53e9a25cb7602d9702b657f2,5390881220f70186a0d7f820
53e99cd8b7602d970258b387,539087cf20f70186a0d5b52d
53e99ed2b7602d970279f357,539095ba20f70186a0df0f01
53e9979eb7602d9701f6e878,5390975920f70186a0dfe2bd
53e9b326b7602d9703df52e8,5390962020f70186a0df3f41
53e9b505b7602d970403963f,539087f320f70186a0d6fe18
53e9b55eb7602d97040990b7,539087e120f70186a0d665f9
53e9ac2db7602d97035eea81,5390882d20f70186a0d8dba5
53e9a335b7602d9702c3bf4a,5390975920f70186a0dfe2ba
53e9b4b4b7602d9703fc847e,539087d920f70186a0d604ee
53e9a3e1b7602d9702cf62c3,5390962020f70186a0df3f44
53e9a2ceb7602d9702bd676a,5390958920f70186a0deec7b
53e9a487b7602d9702da2c2d,5390881220f70186a0d7f812
53e9ac8fb7602d9703664b1b,539087cf20f70186a0d5d02c
53e9ada5b7602d97037a5b84,539089ab20f70186a0d96f56
53e9bb08b7602d970473fd12,5390880220f70186a0d77f87
53e9b577b7602d97040b62bf,5390881820f70186a0d8110d
53e9b2aab7602d9703d503ff,539095ba20f70186a0df0f04
53e9ab14b7602d970349a602,539087dd20f70186a0d62b3c
53e9b01db7602d9703a78e4f,53908b4920f70186a0dbc91b
53e9af81b7602d97039c5260,539087e120f70186a0d665f8
53e9b41ab7602d9703f11e2a,539087cf20f70186a0d5d01a
53e9b991b7602d970457f9f7,5390880220f70186a0d762fd
53e9b45eb7602d9703f5ce0d,5390972920f70186a0dfacae
53e9b9e1b7602d97045dcb59,53908d6520f70186a0dd1a3c
53e9abbeb7602d970356de2c,5390972920f70186a0dfacd9
53e99a57b7602d97022be053,5390972920f70186a0dfac9d
53e9a711b7602d9703046022,5390882d20f70186a0d8daaf
53e9b52db7602d9704064df2,539087d420f70186a0d5df0b
53e9afe8b7602d9703a39679,539087e720f70186a0d69687
53e9b32bb7602d9703df9017,539087d920f70186a0d5ffa0
53e9b634b7602d970418ce3b,5390972920f70186a0dfacee
53e9a12ab7602d9702a18ed2,5390880220f70186a0d75f35
53e9bbc2b7602d9704811883,53908d6520f70186a0dd1a47
53e9bc0ab7602d970486e1e4,5390882d20f70186a0d8dac2
53e9bc21b7602d970488dcdb,539087e720f70186a0d6968d
53e9b40eb7602d9703f06558,5390972920f70186a0dfacd2
53e9b8dab7602d97044bb2df,5390880220f70186a0d75f3b
53e9b7fcb7602d97043ab826,5390972920f70186a0dfaca4
53e9ab25b7602d97034afa23,539087e720f70186a0d69689
53e999eeb7602d9702231c4b,5390882d20f70186a0d8dae1
53e9aed7b7602d9703900d1d,53908d6520f70186a0dd1a31
53e9b9a6b7602d97045987b1,5390972920f70186a0dface0
53e9b3b7b7602d9703e9f4f3,539087e720f70186a0d69682
53e99c12b7602d97024be997,53908d6520f70186a0dd19ff
53e9a246b7602d9702b4b534,5390880220f70186a0d75f16
53e9ac55b7602d9703627eab,5390882d20f70186a0d8dab6
53e999f5b7602d970223e747,539087f320f70186a0d6f878
53e9ae63b7602d970387e5fb,5390972920f70186a0dfac97
53e9acfeb7602d97036df583,53908d6520f70186a0dd1a2d
53e9a8ffb7602d970324e54a,5390882d20f70186a0d8dada
53e99853b7602d970208a66e,539087e720f70186a0d69684
53e9b20cb7602d9703ca745a,539087f320f70186a0d6f889
53e9a34ab7602d9702c5457c,53909f8c20f70186a0e3fe80
53e9a12ab7602d9702a19db5,53909f8c20f70186a0e401b4
53e99a04b7602d970224f8e9,53909f8c20f70186a0e3fe71
53e9b65bb7602d97041bca35,53908a7420f70186a0da4490
53e9abc9b7602d970357f9b1,53908a9620f70186a0da4d97
53e9bb6cb7602d97047ac179,53908a7420f70186a0da4670
53e9a2c8b7602d9702bd1d84,53908a7420f70186a0da4684
53e9b4b4b7602d9703fcbc3d,53909f8c20f70186a0e3fe66
53e9a186b7602d9702a77d44,53908a9620f70186a0da4d9f
53e9ac62b7602d97036346d9,53909f8c20f70186a0e3fe53
53e9a335b7602d9702c41366,53908a7420f70186a0da45c7
53e9a584b7602d9702eac3cb,53908a9620f70186a0da472d
53e9ac8fb7602d9703666e4e,53908a9620f70186a0da487c
53e9b241b7602d9703ce221d,53908a7420f70186a0da447f
53e9ac2eb7602d97035f076b,53908a9620f70186a0da4ed4
53e9b0abb7602d9703b1ae51,53909f6920f70186a0e3a9b5
53e9bb22b7602d970475b243,53909f6920f70186a0e3a981
53e9a6cab7602d9702ffc5f7,53908a7420f70186a0da45d8
53e99eb5b7602d970277e6a0,53909f8c20f70186a0e3fe2d
53e9b3d4b7602d9703ebf408,53909f8c20f70186a0e3fe5a
53e9ba64b7602d970467fd48,53908a7420f70186a0da453a
53e9b93eb7602d9704527232,53909f8c20f70186a0e4021d
53e9ab31b7602d97034bb265,53908a9620f70186a0da471c
53e9ba17b7602d970461fe2d,53908a9620f70186a0da4d82
53e99bdcb7602d9702485bfd,53908a9620f70186a0da47d3
53e9a86ab7602d97031b90c7,53909f8c20f70186a0e3fe2b
53e9adc7b7602d97037cc2f7,53908a9620f70186a0da4722
53e9ab89b7602d9703535629,53909f8c20f70186a0e4018c
53e9b04eb7602d9703aae87b,53908a9620f70186a0da4d83
53e9b34ab7602d9703e23a05,53908a7420f70186a0da4485
53e9ab69b7602d970350a4e7,5390882d20f70186a0d8daf0
53e9bdc6b7602d9704a737d2,53908a7420f70186a0da45e9
53e99b3cb7602d97023d98ac,53908a7420f70186a0da44a0
53e9b4e4b7602d970400d1d1,53908a9620f70186a0da47e6
53e9b505b7602d970403b139,53908a9620f70186a0da4cf8
53e9a2acb7602d9702bb4ec0,53908a9620f70186a0da4e3f
53e9ae7db7602d9703898153,53908a9620f70186a0da4e28
53e9a58cb7602d9702eb6a96,53908a9620f70186a0da4e44
53e9ba4eb7602d9704662886,53908a7420f70186a0da449b
53e9a73cb7602d970307356c,53908a9620f70186a0da4e46
53e99ab3b7602d970232f7a7,53908b2a20f70186a0db974c
53e9b8f5b7602d97044d7b07,53909f8c20f70186a0e401e3
53e9ae17b7602d970382881d,53908a7420f70186a0da453e
53e9b289b7602d9703d2f078,53908a9620f70186a0da47d9
53e9a0fcb7602d97029e9bbf,53909f8c20f70186a0e401cd
53e9b8a1b7602d970447a651,53908a9620f70186a0da4ee8
53e9ac8fb7602d9703665d27,53908a9620f70186a0da4e42
53e99e13b7602d97026d6129,53908a9620f70186a0da47d7
53e99832b7602d9702056c3d,53909f8c20f70186a0e3fe35
53e9a554b7602d9702e78ba8,53909f8c20f70186a0e3fe39
53e99893b7602d97020cc657,53908a7420f70186a0da466f
53e9aaf3b7602d9703473520,53908a9620f70186a0da4ed8
53e99ca8b7602d970255a8b4,53908b2a20f70186a0db9746
53e9a797b7602d97030cf9a4,53909f8c20f70186a0e3fe5c
53e9b444b7602d9703f420f1,53909f8c20f70186a0e3fe3d
53e9a689b7602d9702fbe6bb,53909f6920f70186a0e3a9af
53e998f6b7602d9702136b34,53908a9620f70186a0da4738
53e9ace9b7602d97036c80bb,53909f8c20f70186a0e3fe3e
53e9a0dfb7602d97029cc607,53908a9620f70186a0da47e3
53e998f6b7602d97021316c6,53908a9620f70186a0da4d7c
53e9b861b7602d970442b37a,53909f8c20f70186a0e40213
53e9b8a1b7602d970447a229,53908b2a20f70186a0db9744
53e9aa50b7602d97033c1230,53909f8c20f70186a0e3fe4c
53e9abb2b7602d97035628a8,539087ef20f70186a0d6c8ec
53e99a1ab7602d970226cc04,5390962020f70186a0df3f4a
53e9a13fb7602d9702a2cf10,539087e120f70186a0d665f7
53e9ba64b7602d970467fcd7,539095ba20f70186a0df0f16
53e9ba05b7602d97046045ef,5390880d20f70186a0d7cd62
53e9bb72b7602d97047b3502,53908b4920f70186a0dbc922
53e9a689b7602d9702fb96f0,5390882d20f70186a0d8db9b
53e9a00ab7602d97028eb732,539089ab20f70186a0d97059
53e9abf1b7602d97035b077b,539089ab20f70186a0d97054
53e9ad63b7602d970374bbc7,5390980720f70186a0e01e35
53e9a0dfb7602d97029cc300,539087f320f70186a0d70ac9
53e9b17ab7602d9703c03ddb,5390880d20f70186a0d7b5ee
53e9a8e2b7602d9703230aa8,5390880d20f70186a0d7cd6c
53e9b159b7602d9703bdd9b3,5390882d20f70186a0d8db96
53e9a202b7602d9702b00c2c,539087f320f70186a0d70acd
53e9aa3ab7602d97033a786d,539087f320f70186a0d6fe0a
53e9a360b7602d9702c6e4af,53908a9620f70186a0da4721
53e9b5ceb7602d9704118c76,53908a7420f70186a0da4682
53e9b4b4b7602d9703fccc99,53909f6920f70186a0e3a99b
53e9b01db7602d9703a79552,53909f8c20f70186a0e3fe8a
53e99d28b7602d97025db000,53908a9620f70186a0da47cc
53e99d13b7602d97025c7750,53908a9620f70186a0da4eed
53e9b549b7602d970407d58b,53908b2a20f70186a0db974e
53e9b46fb7602d9703f6e2e2,53909f6920f70186a0e3a978
53e9a1b6b7602d9702aad677,53908a9620f70186a0da47e7
53e9ae17b7602d970382644d,53908a7420f70186a0da4538
53e9ad8db7602d9703784a16,53909f8c20f70186a0e40208
53e9a906b7602d9703258b2a,53908a7420f70186a0da4539
53e99ad7b7602d970235958d,53908a7420f70186a0da4533
53e9a618b7602d9702f4ac91,53908a9620f70186a0da4730
53e9a3d4b7602d9702ceacd0,53908a9620f70186a0da47cf
53e998a3b7602d97020dc3bf,53908a9620f70186a0da47f0
53e9a2fbb7602d9702c07c03,53908a9620f70186a0da4cfc
53e9b822b7602d97043db8e9,53908a9620f70186a0da4876
53e9b822b7602d97043db8e9,53908b4920f70186a0dbabbe
53e9b7c1b7602d970436c246,53908a9620f70186a0da473f
53e9a6a6b7602d9702fda536,53908a9620f70186a0da47d1
53e9b634b7602d970418e6d3,53908a9620f70186a0da4cfa
53e9b5a2b7602d97040e9ba6,53908a9620f70186a0da4ede
53e9a603b7602d9702f2ec69,53909f8c20f70186a0e3fe59
53e9b87fb7602d9704451191,53908a9620f70186a0da4e32
53e9b87fb7602d9704451191,558f395a0cf2af9ee80ebf61
53e9b87fb7602d9704451191,558f3bb10cf2af9ee80ec1cb
53e9b87fb7602d9704451191,558e14970cf222bc17bc05be
53e9aa49b7602d97033ba19f,53908a9620f70186a0da487b
53e9aaa3b7602d970341d6e8,53908a7420f70186a0da45d7
53e9a8ffb7602d9703251ecc,53908a9620f70186a0da4ec8
53e9b10fb7602d9703b8c48f,53908a7420f70186a0da451f
53e99838b7602d970205f54f,53908a7420f70186a0da452d
53e9a44fb7602d9702d6cd99,53909f8c20f70186a0e4020e
53e9b373b7602d9703e522c1,53909f8c20f70186a0e3fe75
53e9b4c3b7602d9703fdc042,53908b2a20f70186a0db9745
53e9b421b7602d9703f1a155,53908a7420f70186a0da45e4
53e9b152b7602d9703bd4396,53908a7420f70186a0da452c
53e99f02b7602d97027ceca4,53908a9620f70186a0da4e38
53e99d7ab7602d970263899a,53908a9620f70186a0da4d9b
53e9af81b7602d97039c4d92,53908a9620f70186a0da4e2a
53e9aff4b7602d9703a4878f,53909f8c20f70186a0e3fe88
53e9a8b0b7602d9703200e80,53908a9620f70186a0da4720
53e99894b7602d97020d08a1,53909f6920f70186a0e3a9ca
53e99ea7b7602d97027701a1,53908a9620f70186a0da4d7a
53e9b873b7602d9704443753,53909f8c20f70186a0e3fe43
53e9aa5cb7602d97033cb71d,53908a9620f70186a0da4cfb
53e997b9b7602d9701f9ec80,5390882d20f70186a0d8daee
53e9b891b7602d9704464f49,5390972920f70186a0dfac9e
53e9ace1b7602d97036bc3fb,5390881220f70186a0d7e351
53e9b565b7602d970409df92,5390972920f70186a0dfacd1
53e9babab7602d97046e6b56,5390882d20f70186a0d8dad4
53e9be1ab7602d9704ad4280,539087eb20f70186a0d6a44f
53e9ace9b7602d97036c9763,539087f320f70186a0d6f88e
53e9aa2bb7602d970339ae46,53908d6520f70186a0dd1a25
53e9a92ab7602d970327d1e8,539087e720f70186a0d69680
53e9af40b7602d970397d55a,5390972920f70186a0dfaca5
53e9b708b7602d97042a0e42,53908d6520f70186a0dd1a3e
53e9a018b7602d97028fcb40,5390972920f70186a0dfac86
53e9b0b7b7602d9703b2a419,53908d6520f70186a0dd1a28
53e9b96fb7602d97045615aa,53908d6520f70186a0dd1a0f
53e9a210b7602d9702b16118,5390972920f70186a0dfacf3
53e9b145b7602d9703bcaa1e,5390882d20f70186a0d8daea
53e9b179b7602d9703c00992,5390881220f70186a0d7e2f2
53e9acf0b7602d97036d0dd2,5390882d20f70186a0d8daa9
53e9a401b7602d9702d1ad80,53908d6520f70186a0dd1a34
53e9a7c0b7602d97030fbea0,53908d6520f70186a0dd1a0b
53e9be2eb7602d9704ae82bd,5390882d20f70186a0d8dacd
53e9a812b7602d9703157a36,53908d6520f70186a0dd19fe
53e9b740b7602d97042da0da,539087d420f70186a0d5df26
53e9bb22b7602d970475b376,5390882d20f70186a0d8dac8
53e99f7fb7602d970285401d,53908a9620f70186a0da4741
53e9bbe0b7602d97048302ae,53908a9620f70186a0da4cd8
53e9b321b7602d9703dede86,53908a9620f70186a0da4e25
53e9b15ab7602d9703be095d,53909f8c20f70186a0e3fe50
53e9bd87b7602d9704a2f764,53909f8c20f70186a0e3fe6a
53e9b083b7602d9703aee916,53908a9620f70186a0da4e36
53e9aedeb7602d970390bad3,53908a9620f70186a0da47ef
53e9a39db7602d9702caa267,53908a9620f70186a0da47d2
53e99eb4b7602d970277c41d,53908b2a20f70186a0db974f
53e9b4f5b7602d9704024f4c,53908a9620f70186a0da4e22
53e9b5c2b7602d970410f5a3,53909f8c20f70186a0e3fe25
53e9aa73b7602d97033e964d,53909f8c20f70186a0e401a1
53e9aa73b7602d97033e964d,53909f8c20f70186a0e4020f
53e9b1ffb7602d9703c98cad,53908a9620f70186a0da4edd
53e9984bb7602d970207a724,53909f8c20f70186a0e4018e
53e99d96b7602d97026522ac,53908a9620f70186a0da473a
53e9b8c0b7602d970449bf4d,53909f8c20f70186a0e401ef
53e9b8cdb7602d97044b07a0,53909f8c20f70186a0e3fe9a
53e99bcdb7602d9702473ea0,53909f6920f70186a0e3a9b0
53e99d96b7602d9702651121,53908b2a20f70186a0db9749
53e9a9b0b7602d970330d7bf,53908a7420f70186a0da45e2
53e9a1b6b7602d9702aad52d,53908a7420f70186a0da4491
53e9adfeb7602d970380515c,53908a9620f70186a0da4cf5
53e9b4c4b7602d9703fe19f2,53909f8c20f70186a0e3fe57
53e9a5a1b7602d9702ecb457,53909f8c20f70186a0e3fe3c
53e9b911b7602d97044fa6aa,53909f8c20f70186a0e3fe55
53e99ab3b7602d97023308aa,53908a7420f70186a0da45e5
53e99b63b7602d97024058ae,53908a7420f70186a0da4489
53e9ba54b7602d970466d242,53908a9620f70186a0da47e2
53e9b082b7602d9703aeb3c1,53909f8c20f70186a0e401bd
53e9a0a6b7602d970298f3c0,53909f8c20f70186a0e3fe90
53e9b109b7602d9703b89a8a,53909f8c20f70186a0e3fe81
53e9a8ccb7602d970321a81d,53908a9620f70186a0da4e3d
53e9a1a1b7602d9702a963ef,53909f8c20f70186a0e3fe5f
53e9a855b7602d970319f23b,53908a7420f70186a0da45e6
53e9af33b7602d970396e8cc,53908a4020f70186a0d9d84e
53e9a51cb7602d9702e3c359,53909f8c20f70186a0e3fe3f
53e9adcdb7602d97037d2bce,53908a9620f70186a0da4d95
53e9988cb7602d97020c9678,53908a7420f70186a0da4529
53e9a154b7602d9702a42c02,53908a9620f70186a0da4ee1
53e9b7a5b7602d970434da9d,53908a7420f70186a0da4542
53e9b7a5b7602d970434da9d,53908a7420f70186a0da4541
53e9acaeb7602d970368c6ab,53908a7420f70186a0da4499
53e9b4d4b7602d9703ff2ce5,53908a9620f70186a0da472c
53e9bd4bb7602d97049db3ef,53908a7420f70186a0da45cb
53e9a51db7602d9702e3f3d1,53908a7420f70186a0da4497
53e99c60b7602d970250fbc7,53909f8c20f70186a0e3fe47
53e99d58b7602d9702614857,53908a9620f70186a0da4d86
53e9a042b7602d9702926ac7,53908b2a20f70186a0db9742
53e99a5cb7602d97022c411f,53908a7420f70186a0da45ce
53e9a689b7602d9702fbaa52,53909f8c20f70186a0e401e1
53e9b2d2b7602d9703d7fdf2,53908a9620f70186a0da4e3b
53e9a8ffb7602d970325106d,53908a7420f70186a0da4681
53e998c0b7602d97020fc417,5390958a20f70186a0def8e1
53e9a6edb7602d9703026291,53908b4920f70186a0dbb09e
53e999aeb7602d97021f4833,53908b4920f70186a0dbabd5
53e9a782b7602d97030be58c,53908b4920f70186a0dbabd0
53e9b46fb7602d9703f6e2e2,5390958a20f70186a0def8df
53e9b009b7602d9703a64b96,53908b4920f70186a0dbb09d
53e9b2d2b7602d9703d82ca4,539096cb20f70186a0df7881
53e99a1ab7602d970226df1d,53908b4920f70186a0dbab1f
53e99be3b7602d970248c52b,53908b4920f70186a0dbabd4
53e99f3bb7602d970280d837,53908a4020f70186a0d9d84c
53e9bdf6b7602d9704aab9e4,53908b4920f70186a0dbabba
53e9a15bb7602d9702a4e028,5390880d20f70186a0d7cd63
53e9b5a8b7602d97040f07ca,53908a9620f70186a0da487e
53e997a6b7602d9701f7da4f,558e10e50cf2e66758050bc2
53e9af8db7602d97039d2df6,53908a9620f70186a0da4731
53e9b9d3b7602d97045ca75d,53909f8c20f70186a0e40206
53e99baab7602d970244fbeb,53908a9620f70186a0da4ed0
53e9b4ceb7602d9703fed728,5390980720f70186a0e01e33
53e9a958b7602d97032b04c3,53908a9620f70186a0da47cb
53e9a958b7602d97032b04c3,558d71eb0cf2c779a6475fbb
53e9a958b7602d97032b04c3,558d71540cf2e667580502e4
53e9a958b7602d97032b04c3,558f361d0cf222bc17bc1c33
53e9a958b7602d97032b04c3,558cf127e4b00b95a766fdb7
53e9a40eb7602d9702d26751,5390972920f70186a0dfacc4
53e9a73bb7602d9703070997,539087e720f70186a0d69677
53e9b1f2b7602d9703c88a4c,539087f320f70186a0d6f886
53e99c19b7602d97024c59ba,5390972920f70186a0dfaccb
53e99dabb7602d97026695ad,5390882d20f70186a0d8dae4
53e9afdbb7602d9703a2ff95,5390882d20f70186a0d8dabd
53e9a906b7602d97032560dc,53908d6520f70186a0dd1a04
53e9b53cb7602d9704073dd6,539087e720f70186a0d6967f
53e9b4d9b7602d9703ff948d,53908d6520f70186a0dd19f9
53e99e0cb7602d97026d20d8,5390972920f70186a0dfacbc
53e9a6f5b7602d97030287a5,5390972920f70186a0dfac94
53e9acf7b7602d97036d82fb,5390880220f70186a0d75f03
53e99940b7602d970217d9fa,539087d420f70186a0d5df63
53e9a194b7602d9702a8654b,53908d6520f70186a0dd1a38
53e9af19b7602d9703951a47,539087dd20f70186a0d644d7
53e99a98b7602d9702311bb6,5390972920f70186a0dfacdb
53e99ff5b7602d97028d428a,53908d6520f70186a0dd1a1e
53e9ba54b7602d970466f99c,53908d6520f70186a0dd1a02
53e9a841b7602d970318b89c,5390882d20f70186a0d8daa4
53e9a02db7602d9702912fc5,5390972920f70186a0dfacba
53e9b9a0b7602d9704590907,5390972920f70186a0dfaceb
53e99db7b7602d970267466a,539087dd20f70186a0d644f7
53e99e71b7602d9702736232,5390881220f70186a0d7e2ef
53e9accbb7602d97036a9495,539087dd20f70186a0d644fa
53e99ef4b7602d97027c1f5f,5390972920f70186a0dfacc5
53e99940b7602d970217f0f4,53908d6520f70186a0dd1a07
53e9b275b7602d9703d1738f,5390882d20f70186a0d8dac7
53e9b30ab7602d9703dd2d86,539087d420f70186a0d5df22
53e9b581b7602d97040c03b2,5390972920f70186a0dfacfa
53e9b1eab7602d9703c8248d,5390882d20f70186a0d8dae9
53e9a562b7602d9702e89f39,53909f6920f70186a0e3a9b2
53e9aef1b7602d9703921d48,53909f8c20f70186a0e40195
53e9a301b7602d9702c0ac1d,53908a9620f70186a0da4871
53e9a66db7602d9702f9dee9,53908a9620f70186a0da4ce9
53e9bb72b7602d97047b56c0,53908a9620f70186a0da4744
53e9abebb7602d97035a8555,53909f8c20f70186a0e3fe99
53e9ba54b7602d970466d248,53908a9620f70186a0da472f
53e9a6e6b7602d9703019dd0,53908a9620f70186a0da4879
53e9a6a6b7602d9702fda5a0,53909f8c20f70186a0e4019c
53e9b828b7602d97043deca1,53909f8c20f70186a0e4021b
53e9a555b7602d9702e7d62c,53908a7420f70186a0da4547
53e9b27bb7602d9703d23bde,53908a9620f70186a0da4e34
53e9a1b6b7602d9702aacec2,53908a7420f70186a0da45eb
53e9a1b6b7602d9702aacec2,53908b4920f70186a0dbabbe
53e9b30ab7602d9703dd0dc1,53909f8c20f70186a0e3fe77
53e9be43b7602d9704b01698,53908a9620f70186a0da4e40
53e9b337b7602d9703e07634,53908a9620f70186a0da4ee0
53e99dfeb7602d97026c1f38,53908a7420f70186a0da45c6
53e99fd6b7602d97028b5e0b,53909f8c20f70186a0e401bb
53e9bd18b7602d97049a1bc4,53909f8c20f70186a0e3fe78
53e9ada5b7602d97037a57ed,53909f8c20f70186a0e3fe86
53e9b061b7602d9703ac4f49,53908a9620f70186a0da4d8a
53e9b92ab7602d9704516f07,53909f8c20f70186a0e401f2
53e9b7a5b7602d970434d608,53908a9620f70186a0da4d8b
53e9b403b7602d9703ef8825,53909f8c20f70186a0e3fe8f
53e9a93fb7602d9703294bfc,53908a7420f70186a0da449c
53e9b496b7602d9703fa134d,53908a9620f70186a0da4cdb
53e9a825b7602d970316fa4c,53909f8c20f70186a0e3fe34
53e99c6eb7602d97025202f3,53908a7420f70186a0da449e
53e9a689b7602d9702fbae9b,53909f8c20f70186a0e3fe41
53e9ad63b7602d970374b7f3,53908a9620f70186a0da4d8c
53e9abfeb7602d97035bfb03,53908a7420f70186a0da4523
53e9aad9b7602d970345a1da,53908a7420f70186a0da4536
53e9b062b7602d9703acad8f,53909f8c20f70186a0e40217
53e9ba8ab7602d97046b10c1,53909f6920f70186a0e3a9c7
53e9bc6eb7602d97048e8877,53908a9620f70186a0da487a
53e9a178b7602d9702a6b83c,53909f8c20f70186a0e3fe46
53e9a94cb7602d970329f351,53908a9620f70186a0da4ed7
53e9a94cb7602d970329f351,53908b4920f70186a0dbabda
53e9b9e7b7602d97045e1a7d,53909f8c20f70186a0e3fe6e
53e9b321b7602d9703dede5b,53908a7420f70186a0da4545
53e9acf0b7602d97036cea0f,53909f8c20f70186a0e3fe60
53e9af39b7602d9703974bd8,53908a7420f70186a0da4674
53e9b2b1b7602d9703d590d1,53908a7420f70186a0da45e7
53e9b549b7602d970408058f,53908a7420f70186a0da45ec
53e9b42fb7602d9703f268fa,53908a9620f70186a0da4ceb
53e9ba59b7602d97046755a4,53909f8c20f70186a0e401e4
53e9bbadb7602d97047f5a75,53908a7420f70186a0da467a
53e9b4a1b7602d9703fabebc,53908a7420f70186a0da452e
53e9a3cdb7602d9702ce25d9,53909f8c20f70186a0e3fe70
53e99afdb7602d970238ac7a,53908a7420f70186a0da45dc
53e9b137b7602d9703bbcc97,53908a7420f70186a0da4672
53e9bbfbb7602d970485a317,53908a9620f70186a0da47dc
53e9acfdb7602d97036dacd3,53909f6920f70186a0e3a99a
53e9acfdb7602d97036dacd3,5390958a20f70186a0def8e3
53e9b917b7602d97044fbcd6,53908a9620f70186a0da473c
53e998bfb7602d97020f5b39,53909f6920f70186a0e3a9c0
53e9b8ccb7602d97044ac4e8,53908a7420f70186a0da466b
53e99acab7602d970234c84c,53909f8c20f70186a0e3fe7a
53e9a178b7602d9702a6c09d,53909f8c20f70186a0e3fe4d
53e9b1a9b7602d9703c33e40,53908a7420f70186a0da4484
53e9b326b7602d9703df7c74,53908a9620f70186a0da4da0
53e99beab7602d9702493ce9,53908b4920f70186a0dbabc2
53e9b7e8b7602d970439810b,5390958a20f70186a0def8e7
53e9a31fb7602d9702c2ca9a,53908b4920f70186a0dbabdb
53e9afcdb7602d9703a21cb7,5390975920f70186a0dfe095
53e9bd46b7602d97049d67ae,53908b4920f70186a0dbabc4
53e9abf7b7602d97035b8ed4,53908b4920f70186a0dbab17
53e9aa15b7602d97033803bf,53908b4920f70186a0dbabc6
53e99f20b7602d97027ee76f,53908b4920f70186a0dbac65
53e9a45cb7602d9702d7891f,53908b4920f70186a0dbabc0
53e9b3e8b7602d9703ed46c1,53908b4920f70186a0dbabc7
53e9a297b7602d9702b9cf03,53908b4920f70186a0dbacb7
53e9aa09b7602d970337634a,53908b4920f70186a0dbb0a5
53e9ac33b7602d97035f69c9,539095ba20f70186a0df166e
53e9b4c4b7602d9703fe20a1,53908b4920f70186a0dbabc3
53e9bdfdb7602d9704ab1ded,539089bb20f70186a0d98adf
53e9b7adb7602d970435685a,539089bb20f70186a0d98ad8
53e99796b7602d9701f5cf1c,558f3abe0cf222bc17bc2263
53e99d5db7602d97026181bb,53908b4920f70186a0dbabcd
53e9ad9eb7602d970379a5e1,53908b4920f70186a0dbb081
53e9af33b7602d970396e8cc,53908a4020f70186a0d9d84e
53e9b145b7602d9703bc7e2b,5390958a20f70186a0def8e6
53e9a464b7602d9702d8283f,53908b4920f70186a0dbabe8
53e9aadfb7602d9703461883,53908b4920f70186a0dbabf3
53e9b532b7602d97040682ab,539089bb20f70186a0d98ad9
53e9b43db7602d9703f39c44,53908b4920f70186a0dbac39
53e9b4e9b7602d97040135c4,53908b4920f70186a0dbac6a
53e99796b7602d9701f5cf1b,5590daad0cf2ce4b6f3a07a5
53e9ab13b7602d9703499708,53908b4920f70186a0dbac8b
53e9bbc8b7602d9704814149,5390979920f70186a0e00cd4
53e9ad04b7602d97036e13e5,53908b4920f70186a0dbb083
53e99832b7602d970205616b,53908b4920f70186a0dbabe7
53e99796b7602d9701f5cf1d,5590d7e90cf2baaad97172ab
53e9b8dab7602d97044bba1a,53908b4920f70186a0dbabf1
53e99d21b7602d97025d7605,539089bb20f70186a0d98add
53e9bad7b7602d9704705e73,53908b4920f70186a0dbabc1
53e99a52b7602d97022ba714,5390975920f70186a0dfe097
53e9ba59b7602d970467521b,53908b4920f70186a0dbabde
53e9b5ceb7602d9704119167,53908b4920f70186a0dbac8e
53e9a381b7602d9702c91d3e,539089bb20f70186a0d98ad6
53e9ae1cb7602d97038308cd,539089bb20f70186a0d98ad1
53e9af2db7602d9703969dc1,5390958a20f70186a0df0138
53e99a52b7602d97022bb7da,539096cb20f70186a0df7883
53e9acfeb7602d97036deb3f,5390958a20f70186a0df0136
53e9a603b7602d9702f2e2f1,5390979920f70186a0e00cd6
53e9a609b7602d9702f35f7e,53908b4920f70186a0dbb0b1
53e99d3eb7602d97025f5b71,53908b4920f70186a0dbabb4
53e99818b7602d97020327b1,5390979920f70186a0e00cd3
53e9b213b7602d9703ca9149,53908b4920f70186a0dbb0a4
53e9a863b7602d97031aec29,53908b4920f70186a0dbb07f
53e99b36b7602d97023d37b1,539095ba20f70186a0df166d
53e9ab42b7602d97034d35ed,539089bb20f70186a0d98acd
53e99ebdb7602d9702783702,5390972920f70186a0dfaca1
53e9bcd9b7602d970495fadd,5390882d20f70186a0d8dace
53e9a516b7602d9702e3b440,539087e720f70186a0d6968c
53e9b3c1b7602d9703eae2eb,53908d6520f70186a0dd1a30
53e9b3a3b7602d9703e848ae,53908d6520f70186a0dd1a41
53e9be4ab7602d9704b05415,5390882d20f70186a0d8daf1
53e9be4ab7602d9704b05415,5390882d20f70186a0d8daf2
53e9b03db7602d9703a9eb2f,53908d6520f70186a0dd1a36
53e9a4c0b7602d9702de2c4b,53908d6520f70186a0dd1a13
53e99dc5b7602d970268349c,53908d6520f70186a0dd1a20
53e9bd98b7602d9704a42252,5390880220f70186a0d762f5
53e9a238b7602d9702b3f840,539087f320f70186a0d6f88b
53e9b1afb7602d9703c3a7c2,5390972920f70186a0dfacf0
53e99d80b7602d970263ad7d,53908d6520f70186a0dd19f8
53e99b6ab7602d970240f7ca,5390882d20f70186a0d8dae3
53e9b5ceb7602d9704116fc0,53908d6520f70186a0dd19fa
53e9b693b7602d9704205c89,539087e720f70186a0d69674
53e99c36b7602d97024e419a,5390972920f70186a0dfaca7
53e9a5f6b7602d9702f215cf,53908d6520f70186a0dd1a03
53e9b8fcb7602d97044e1d6a,5390882d20f70186a0d8dacc
53e9a37ab7602d9702c878a1,53908d6520f70186a0dd1a2b
53e9b4a5b7602d9703fb482d,5390972920f70186a0dfacc2
53e99a2bb7602d97022880bb,53908d6520f70186a0dd1a49
53e9ae6fb7602d970388be92,5390882d20f70186a0d8dadd
53e9acd2b7602d97036af38a,53908d6520f70186a0dd1a06
53e9b54fb7602d97040855fe,539087d420f70186a0d5df69
53e9a4d7b7602d9702df8236,539087e720f70186a0d6968f
53e99808b7602d970201b0fa,539087d420f70186a0d5df5e
53e9b489b7602d9703f8fe3d,5390972920f70186a0dfacd4
53e99ffcb7602d97028e082c,53908d6520f70186a0dd1a0c
53e99d74b7602d970262e581,539087eb20f70186a0d6a44a
53e9ab1ab7602d97034a1fae,539087f320f70186a0d6f875
53e99959b7602d9702199fc1,53909f6920f70186a0e3a9cd
53e9aa16b7602d9703384d4e,53909f8c20f70186a0e3fe2e
53e9abe5b7602d97035a3c5e,53908a9620f70186a0da4cee
